"DESCRIPTION","DURATION IN MS","NAME","PARENT SUITE","START TIME","STATUS","STOP TIME","SUB SUITE","SUITE","TEST CLASS","TEST METHOD"
"","3","sendBlockAccount()","","Mon Nov 11 17:05:58 GMT 2024","passed","Mon Nov 11 17:05:58 GMT 2024","","com.swp391.koibe.controllers.MailControllerTest","com.swp391.koibe.controllers.MailControllerTest","sendBlockAccount"
"","5","getKoi()","","Mon Nov 11 17:05:54 GMT 2024","passed","Mon Nov 11 17:05:54 GMT 2024","","com.swp391.koibe.controllers.KoiControllerTest","com.swp391.koibe.controllers.KoiControllerTest","getKoi"
"","3","getOrdersByKeyword()","","Mon Nov 11 17:05:54 GMT 2024","passed","Mon Nov 11 17:05:54 GMT 2024","","com.swp391.koibe.controllers.OrderControllerTest","com.swp391.koibe.controllers.OrderControllerTest","getOrdersByKeyword"
"","3","getUserById()","","Mon Nov 11 17:06:16 GMT 2024","passed","Mon Nov 11 17:06:16 GMT 2024","","com.swp391.koibe.services.user.UserServiceTest","com.swp391.koibe.services.user.UserServiceTest","getUserById"
"","3","getAllUsersJoinAuction()","","Mon Nov 11 17:05:54 GMT 2024","passed","Mon Nov 11 17:05:54 GMT 2024","","com.swp391.koibe.controllers.AuctionParticipantControllerTest","com.swp391.koibe.controllers.AuctionParticipantControllerTest","getAllUsersJoinAuction"
"","4","getAllMembers()","","Mon Nov 11 17:06:18 GMT 2024","passed","Mon Nov 11 17:06:18 GMT 2024","","com.swp391.koibe.services.user.member.MemberServiceTest","com.swp391.koibe.services.user.member.MemberServiceTest","getAllMembers"
"","10","convertToKoiImageDTO()","","Mon Nov 11 17:06:26 GMT 2024","passed","Mon Nov 11 17:06:26 GMT 2024","","com.swp391.koibe.utils.DTOConverterTest","com.swp391.koibe.utils.DTOConverterTest","convertToKoiImageDTO"
"","6","getAllStaffs()","","Mon Nov 11 17:05:54 GMT 2024","passed","Mon Nov 11 17:05:54 GMT 2024","","com.swp391.koibe.controllers.StaffControllerTest","com.swp391.koibe.controllers.StaffControllerTest","getAllStaffs"
"","5","updateStaff()","","Mon Nov 11 17:05:54 GMT 2024","passed","Mon Nov 11 17:05:54 GMT 2024","","com.swp391.koibe.controllers.StaffControllerTest","com.swp391.koibe.controllers.StaffControllerTest","updateStaff"
"","24","testUpdateRole_ValidationError()","","Mon Nov 11 17:05:58 GMT 2024","passed","Mon Nov 11 17:05:58 GMT 2024","","com.swp391.koibe.controllers.RoleControllerTest","com.swp391.koibe.controllers.RoleControllerTest","testUpdateRole_ValidationError"
"","3","getBidsByAuctionKoiId()","","Mon Nov 11 17:06:12 GMT 2024","passed","Mon Nov 11 17:06:12 GMT 2024","","com.swp391.koibe.services.biddinghistory.BiddingHistoryServiceTest","com.swp391.koibe.services.biddinghistory.BiddingHistoryServiceTest","getBidsByAuctionKoiId"
"","3","forgotPassword()","","Mon Nov 11 17:05:54 GMT 2024","passed","Mon Nov 11 17:05:54 GMT 2024","","com.swp391.koibe.controllers.ForgotPasswordControllerTest","com.swp391.koibe.controllers.ForgotPasswordControllerTest","forgotPassword"
"","14","updateAuctionParticipant()","","Mon Nov 11 17:06:01 GMT 2024","passed","Mon Nov 11 17:06:01 GMT 2024","","com.swp391.koibe.services.auctionparticipant.AuctionParticipantServiceTest","com.swp391.koibe.services.auctionparticipant.AuctionParticipantServiceTest","updateAuctionParticipant"
"","4","getAuctionOnCondition()","","Mon Nov 11 17:06:21 GMT 2024","passed","Mon Nov 11 17:06:21 GMT 2024","","com.swp391.koibe.services.auction.AuctionServiceTest","com.swp391.koibe.services.auction.AuctionServiceTest","getAuctionOnCondition"
"","2","deleteKoi()","","Mon Nov 11 17:05:54 GMT 2024","passed","Mon Nov 11 17:05:54 GMT 2024","","com.swp391.koibe.controllers.BreederControllerTest","com.swp391.koibe.controllers.BreederControllerTest","deleteKoi"
"","4","getKoisByKeywordNotAuth()","","Mon Nov 11 17:05:54 GMT 2024","passed","Mon Nov 11 17:05:54 GMT 2024","","com.swp391.koibe.controllers.KoiControllerTest","com.swp391.koibe.controllers.KoiControllerTest","getKoisByKeywordNotAuth"
"","3","findUserByToken()","","Mon Nov 11 17:06:02 GMT 2024","passed","Mon Nov 11 17:06:02 GMT 2024","","com.swp391.koibe.services.token.TokenServiceTest","com.swp391.koibe.services.token.TokenServiceTest","findUserByToken"
"","3","getFeedbackByOrderId()","","Mon Nov 11 17:05:58 GMT 2024","passed","Mon Nov 11 17:05:58 GMT 2024","","com.swp391.koibe.controllers.FeedbackControllerTest","com.swp391.koibe.controllers.FeedbackControllerTest","getFeedbackByOrderId"
"","7","getAllKois()","","Mon Nov 11 17:06:12 GMT 2024","passed","Mon Nov 11 17:06:12 GMT 2024","","com.swp391.koibe.services.koi.KoiServiceTest","com.swp391.koibe.services.koi.KoiServiceTest","getAllKois"
"","3","createAuctionKoiV2()","","Mon Nov 11 17:06:24 GMT 2024","passed","Mon Nov 11 17:06:24 GMT 2024","","com.swp391.koibe.services.auctionkoi.AuctionKoiServiceTest","com.swp391.koibe.services.auctionkoi.AuctionKoiServiceTest","createAuctionKoiV2"
"","2","sendOtp()","","Mon Nov 11 17:05:58 GMT 2024","passed","Mon Nov 11 17:05:58 GMT 2024","","com.swp391.koibe.controllers.MailControllerTest","com.swp391.koibe.controllers.MailControllerTest","sendOtp"
"","5","getStaffById()","","Mon Nov 11 17:05:54 GMT 2024","passed","Mon Nov 11 17:05:54 GMT 2024","","com.swp391.koibe.controllers.StaffControllerTest","com.swp391.koibe.controllers.StaffControllerTest","getStaffById"
"","128","testGetRoleById_NotFound()","","Mon Nov 11 17:05:58 GMT 2024","passed","Mon Nov 11 17:05:58 GMT 2024","","com.swp391.koibe.controllers.RoleControllerTest","com.swp391.koibe.controllers.RoleControllerTest","testGetRoleById_NotFound"
"","3","createUser()","","Mon Nov 11 17:06:16 GMT 2024","passed","Mon Nov 11 17:06:16 GMT 2024","","com.swp391.koibe.services.user.UserServiceTest","com.swp391.koibe.services.user.UserServiceTest","createUser"
"","4","createPaymentAndUpdateOrder()","","Mon Nov 11 17:06:08 GMT 2024","passed","Mon Nov 11 17:06:08 GMT 2024","","com.swp391.koibe.services.payment.PaymentServiceTest","com.swp391.koibe.services.payment.PaymentServiceTest","createPaymentAndUpdateOrder"
"","3","createOrderDetail()","","Mon Nov 11 17:05:54 GMT 2024","passed","Mon Nov 11 17:05:54 GMT 2024","","com.swp391.koibe.controllers.OrderDetailControllerTest","com.swp391.koibe.controllers.OrderDetailControllerTest","createOrderDetail"
"","5","getPaymentsByUserId()","","Mon Nov 11 17:06:08 GMT 2024","passed","Mon Nov 11 17:06:08 GMT 2024","","com.swp391.koibe.services.payment.PaymentServiceTest","com.swp391.koibe.services.payment.PaymentServiceTest","getPaymentsByUserId"
"","5","hasBid()","","Mon Nov 11 17:06:12 GMT 2024","passed","Mon Nov 11 17:06:12 GMT 2024","","com.swp391.koibe.services.biddinghistory.BiddingHistoryServiceTest","com.swp391.koibe.services.biddinghistory.BiddingHistoryServiceTest","hasBid"
"","4","cancelOrder()","","Mon Nov 11 17:06:16 GMT 2024","passed","Mon Nov 11 17:06:16 GMT 2024","","com.swp391.koibe.services.order.OrderServiceTest","com.swp391.koibe.services.order.OrderServiceTest","cancelOrder"
"","10","deleteAuctionParticipant()","","Mon Nov 11 17:06:02 GMT 2024","passed","Mon Nov 11 17:06:02 GMT 2024","","com.swp391.koibe.services.auctionparticipant.AuctionParticipantServiceTest","com.swp391.koibe.services.auctionparticipant.AuctionParticipantServiceTest","deleteAuctionParticipant"
"","4","getAllKoisByKeyword()","","Mon Nov 11 17:05:54 GMT 2024","passed","Mon Nov 11 17:05:54 GMT 2024","","com.swp391.koibe.controllers.KoiControllerTest","com.swp391.koibe.controllers.KoiControllerTest","getAllKoisByKeyword"
"","4","addToken()","","Mon Nov 11 17:06:02 GMT 2024","passed","Mon Nov 11 17:06:02 GMT 2024","","com.swp391.koibe.services.token.TokenServiceTest","com.swp391.koibe.services.token.TokenServiceTest","addToken"
"","3","createDescendingAuction()","","Mon Nov 11 17:06:21 GMT 2024","passed","Mon Nov 11 17:06:21 GMT 2024","","com.swp391.koibe.services.auction.AuctionServiceTest","com.swp391.koibe.services.auction.AuctionServiceTest","createDescendingAuction"
"","3","sendOtp()","","Mon Nov 11 17:05:54 GMT 2024","passed","Mon Nov 11 17:05:54 GMT 2024","","com.swp391.koibe.controllers.OtpControllerTest","com.swp391.koibe.controllers.OtpControllerTest","sendOtp"
"","3","testGetAllBreeders()","","Mon Nov 11 17:05:54 GMT 2024","passed","Mon Nov 11 17:05:54 GMT 2024","","com.swp391.koibe.controllers.BreederControllerTest","com.swp391.koibe.controllers.BreederControllerTest","testGetAllBreeders"
"","3","createDepositPayment()","","Mon Nov 11 17:05:58 GMT 2024","passed","Mon Nov 11 17:05:58 GMT 2024","","com.swp391.koibe.controllers.PaymentControllerTest","com.swp391.koibe.controllers.PaymentControllerTest","createDepositPayment"
"","5","getAllKois()","","Mon Nov 11 17:05:54 GMT 2024","passed","Mon Nov 11 17:05:54 GMT 2024","","com.swp391.koibe.controllers.KoiControllerTest","com.swp391.koibe.controllers.KoiControllerTest","getAllKois"
"","3","getAuctionKoiByAuctionIdAndKoiId()","","Mon Nov 11 17:06:24 GMT 2024","passed","Mon Nov 11 17:06:24 GMT 2024","","com.swp391.koibe.services.auctionkoi.AuctionKoiServiceTest","com.swp391.koibe.services.auctionkoi.AuctionKoiServiceTest","getAuctionKoiByAuctionIdAndKoiId"
"","5","processBid()","","Mon Nov 11 17:05:54 GMT 2024","passed","Mon Nov 11 17:05:54 GMT 2024","","com.swp391.koibe.controllers.BiddingHistoryControllerTest","com.swp391.koibe.controllers.BiddingHistoryControllerTest","processBid"
"","4","sendMail()","","Mon Nov 11 17:06:02 GMT 2024","passed","Mon Nov 11 17:06:02 GMT 2024","","com.swp391.koibe.services.mail.MailServiceTest","com.swp391.koibe.services.mail.MailServiceTest","sendMail"
"","2","createOrderPayment()","","Mon Nov 11 17:05:58 GMT 2024","passed","Mon Nov 11 17:05:58 GMT 2024","","com.swp391.koibe.controllers.PaymentControllerTest","com.swp391.koibe.controllers.PaymentControllerTest","createOrderPayment"
"","13","updateMemberToStaff()","","Mon Nov 11 17:06:21 GMT 2024","passed","Mon Nov 11 17:06:21 GMT 2024","","com.swp391.koibe.services.user.staff.StaffServiceTest","com.swp391.koibe.services.user.staff.StaffServiceTest","updateMemberToStaff"
"","4","testGetAllKois()","","Mon Nov 11 17:06:12 GMT 2024","passed","Mon Nov 11 17:06:12 GMT 2024","","com.swp391.koibe.services.koi.KoiServiceTest","com.swp391.koibe.services.koi.KoiServiceTest","testGetAllKois"
"","4","getOrderDetails()","","Mon Nov 11 17:05:54 GMT 2024","passed","Mon Nov 11 17:05:54 GMT 2024","","com.swp391.koibe.controllers.OrderDetailControllerTest","com.swp391.koibe.controllers.OrderDetailControllerTest","getOrderDetails"
"","16","findById()","","Mon Nov 11 17:06:21 GMT 2024","passed","Mon Nov 11 17:06:21 GMT 2024","","com.swp391.koibe.services.user.staff.StaffServiceTest","com.swp391.koibe.services.user.staff.StaffServiceTest","findById"
"","5","findAll()","","Mon Nov 11 17:06:16 GMT 2024","passed","Mon Nov 11 17:06:16 GMT 2024","","com.swp391.koibe.services.user.UserServiceTest","com.swp391.koibe.services.user.UserServiceTest","findAll"
"","3","bannedUser()","","Mon Nov 11 17:06:16 GMT 2024","passed","Mon Nov 11 17:06:16 GMT 2024","","com.swp391.koibe.services.user.UserServiceTest","com.swp391.koibe.services.user.UserServiceTest","bannedUser"
"","3","updateOrderByUser()","","Mon Nov 11 17:06:16 GMT 2024","passed","Mon Nov 11 17:06:16 GMT 2024","","com.swp391.koibe.services.order.OrderServiceTest","com.swp391.koibe.services.order.OrderServiceTest","updateOrderByUser"
"","5","descending()","","Mon Nov 11 17:06:12 GMT 2024","passed","Mon Nov 11 17:06:12 GMT 2024","","com.swp391.koibe.services.biddinghistory.BiddingHistoryServiceTest","com.swp391.koibe.services.biddinghistory.BiddingHistoryServiceTest","descending"
"","3","deleteAuctionKoi()","","Mon Nov 11 17:06:24 GMT 2024","passed","Mon Nov 11 17:06:24 GMT 2024","","com.swp391.koibe.services.auctionkoi.AuctionKoiServiceTest","com.swp391.koibe.services.auctionkoi.AuctionKoiServiceTest","deleteAuctionKoi"
"","3","createKoiImage()","","Mon Nov 11 17:06:12 GMT 2024","passed","Mon Nov 11 17:06:12 GMT 2024","","com.swp391.koibe.services.koi.KoiServiceTest","com.swp391.koibe.services.koi.KoiServiceTest","createKoiImage"
"","5","createDrawOutRequest()","","Mon Nov 11 17:06:08 GMT 2024","passed","Mon Nov 11 17:06:08 GMT 2024","","com.swp391.koibe.services.payment.PaymentServiceTest","com.swp391.koibe.services.payment.PaymentServiceTest","createDrawOutRequest"
"","7","deleteStaff()","","Mon Nov 11 17:05:54 GMT 2024","passed","Mon Nov 11 17:05:54 GMT 2024","","com.swp391.koibe.controllers.StaffControllerTest","com.swp391.koibe.controllers.StaffControllerTest","deleteStaff"
"","3","end()","","Mon Nov 11 17:06:21 GMT 2024","passed","Mon Nov 11 17:06:21 GMT 2024","","com.swp391.koibe.services.auction.AuctionServiceTest","com.swp391.koibe.services.auction.AuctionServiceTest","end"
"","3","createAuctionKoi()","","Mon Nov 11 17:05:59 GMT 2024","passed","Mon Nov 11 17:05:59 GMT 2024","","com.swp391.koibe.controllers.AuctionKoiControllerTest","com.swp391.koibe.controllers.AuctionKoiControllerTest","createAuctionKoi"
"","5","testGetAllAuctions()","","Mon Nov 11 17:06:21 GMT 2024","passed","Mon Nov 11 17:06:21 GMT 2024","","com.swp391.koibe.services.auction.AuctionServiceTest","com.swp391.koibe.services.auction.AuctionServiceTest","testGetAllAuctions"
"","8","verifiedUser()","","Mon Nov 11 17:05:58 GMT 2024","passed","Mon Nov 11 17:05:58 GMT 2024","","com.swp391.koibe.controllers.UserControllerTest","com.swp391.koibe.controllers.UserControllerTest","verifiedUser"
"","3","notifyAllUserUpcomingAuction()","","Mon Nov 11 17:05:54 GMT 2024","passed","Mon Nov 11 17:05:54 GMT 2024","","com.swp391.koibe.controllers.AuctionControllerTest","com.swp391.koibe.controllers.AuctionControllerTest","notifyAllUserUpcomingAuction"
"","3","getAuctionById()","","Mon Nov 11 17:05:54 GMT 2024","passed","Mon Nov 11 17:05:54 GMT 2024","","com.swp391.koibe.controllers.AuctionControllerTest","com.swp391.koibe.controllers.AuctionControllerTest","getAuctionById"
"","3","updateAuction()","","Mon Nov 11 17:05:54 GMT 2024","passed","Mon Nov 11 17:05:54 GMT 2024","","com.swp391.koibe.controllers.AuctionControllerTest","com.swp391.koibe.controllers.AuctionControllerTest","updateAuction"
"","6","logout()","","Mon Nov 11 17:05:58 GMT 2024","passed","Mon Nov 11 17:05:58 GMT 2024","","com.swp391.koibe.controllers.UserControllerTest","com.swp391.koibe.controllers.UserControllerTest","logout"
"","3","updatePassword()","","Mon Nov 11 17:06:16 GMT 2024","passed","Mon Nov 11 17:06:16 GMT 2024","","com.swp391.koibe.services.user.UserServiceTest","com.swp391.koibe.services.user.UserServiceTest","updatePassword"
"","5","updateFeedback()","","Mon Nov 11 17:06:12 GMT 2024","passed","Mon Nov 11 17:06:12 GMT 2024","","com.swp391.koibe.services.feedback.FeedbackServiceTest","com.swp391.koibe.services.feedback.FeedbackServiceTest","updateFeedback"
"","5","createPayment()","","Mon Nov 11 17:06:08 GMT 2024","passed","Mon Nov 11 17:06:08 GMT 2024","","com.swp391.koibe.services.payment.PaymentServiceTest","com.swp391.koibe.services.payment.PaymentServiceTest","createPayment"
"","3","setTokenExpired()","","Mon Nov 11 17:06:02 GMT 2024","passed","Mon Nov 11 17:06:02 GMT 2024","","com.swp391.koibe.services.token.TokenServiceTest","com.swp391.koibe.services.token.TokenServiceTest","setTokenExpired"
"","3","getUserById()","","Mon Nov 11 17:05:58 GMT 2024","passed","Mon Nov 11 17:05:58 GMT 2024","","com.swp391.koibe.controllers.UserControllerTest","com.swp391.koibe.controllers.UserControllerTest","getUserById"
"","10","getAllBreeders()","","Mon Nov 11 17:06:21 GMT 2024","passed","Mon Nov 11 17:06:21 GMT 2024","","com.swp391.koibe.services.user.breeder.BreederServiceTest","com.swp391.koibe.services.user.breeder.BreederServiceTest","getAllBreeders"
"","6","getAuctionKoiByAuctionId()","","Mon Nov 11 17:06:24 GMT 2024","passed","Mon Nov 11 17:06:24 GMT 2024","","com.swp391.koibe.services.auctionkoi.AuctionKoiServiceTest","com.swp391.koibe.services.auctionkoi.AuctionKoiServiceTest","getAuctionKoiByAuctionId"
"","4","testGetAuctionByStatus()","","Mon Nov 11 17:06:21 GMT 2024","passed","Mon Nov 11 17:06:21 GMT 2024","","com.swp391.koibe.services.auction.AuctionServiceTest","com.swp391.koibe.services.auction.AuctionServiceTest","testGetAuctionByStatus"
"","28","getPaymentByOrderID()","","Mon Nov 11 17:06:08 GMT 2024","passed","Mon Nov 11 17:06:08 GMT 2024","","com.swp391.koibe.services.payment.PaymentServiceTest","com.swp391.koibe.services.payment.PaymentServiceTest","getPaymentByOrderID"
"","3","delete()","","Mon Nov 11 17:06:21 GMT 2024","passed","Mon Nov 11 17:06:21 GMT 2024","","com.swp391.koibe.services.user.staff.StaffServiceTest","com.swp391.koibe.services.user.staff.StaffServiceTest","delete"
"","4","findByOrderId()","","Mon Nov 11 17:06:08 GMT 2024","passed","Mon Nov 11 17:06:08 GMT 2024","","com.swp391.koibe.services.orderdetail.OrderDetailServiceTest","com.swp391.koibe.services.orderdetail.OrderDetailServiceTest","findByOrderId"
"","3","getUserDetailsFromToken()","","Mon Nov 11 17:06:16 GMT 2024","passed","Mon Nov 11 17:06:16 GMT 2024","","com.swp391.koibe.services.user.UserServiceTest","com.swp391.koibe.services.user.UserServiceTest","getUserDetailsFromToken"
"","4","getOrderDetail()","","Mon Nov 11 17:06:08 GMT 2024","passed","Mon Nov 11 17:06:08 GMT 2024","","com.swp391.koibe.services.orderdetail.OrderDetailServiceTest","com.swp391.koibe.services.orderdetail.OrderDetailServiceTest","getOrderDetail"
"","6","parseTime()","","Mon Nov 11 17:06:24 GMT 2024","passed","Mon Nov 11 17:06:24 GMT 2024","","com.swp391.koibe.utils.DateTimeUtilsTest","com.swp391.koibe.utils.DateTimeUtilsTest","parseTime"
"","3","updateBreeder()","","Mon Nov 11 17:06:21 GMT 2024","passed","Mon Nov 11 17:06:21 GMT 2024","","com.swp391.koibe.services.user.breeder.BreederServiceTest","com.swp391.koibe.services.user.breeder.BreederServiceTest","updateBreeder"
"","6","testCreateOrderDetail()","","Mon Nov 11 17:06:08 GMT 2024","passed","Mon Nov 11 17:06:08 GMT 2024","","com.swp391.koibe.services.orderdetail.OrderDetailServiceTest","com.swp391.koibe.services.orderdetail.OrderDetailServiceTest","testCreateOrderDetail"
"","5","getBiddingHistoryByAuctionKoiId()","","Mon Nov 11 17:05:54 GMT 2024","passed","Mon Nov 11 17:05:54 GMT 2024","","com.swp391.koibe.controllers.BiddingHistoryControllerTest","com.swp391.koibe.controllers.BiddingHistoryControllerTest","getBiddingHistoryByAuctionKoiId"
"","4","sendAuctionClosedEmailToAllUser()","","Mon Nov 11 17:06:21 GMT 2024","passed","Mon Nov 11 17:06:21 GMT 2024","","com.swp391.koibe.services.auction.AuctionMailServiceTest","com.swp391.koibe.services.auction.AuctionMailServiceTest","sendAuctionClosedEmailToAllUser"
"","10","getById()","","Mon Nov 11 17:06:15 GMT 2024","passed","Mon Nov 11 17:06:15 GMT 2024","","com.swp391.koibe.services.category.CategoryServiceTest","com.swp391.koibe.services.category.CategoryServiceTest","getById"
"","3","getAuctionKoiIsNotSold()","","Mon Nov 11 17:06:24 GMT 2024","passed","Mon Nov 11 17:06:24 GMT 2024","","com.swp391.koibe.services.auctionkoi.AuctionKoiServiceTest","com.swp391.koibe.services.auctionkoi.AuctionKoiServiceTest","getAuctionKoiIsNotSold"
"","6","getAllMembers()","","Mon Nov 11 17:05:58 GMT 2024","passed","Mon Nov 11 17:05:58 GMT 2024","","com.swp391.koibe.controllers.MemberControllerTest","com.swp391.koibe.controllers.MemberControllerTest","getAllMembers"
"","3","updatePassword()","","Mon Nov 11 17:05:54 GMT 2024","passed","Mon Nov 11 17:05:54 GMT 2024","","com.swp391.koibe.controllers.ForgotPasswordControllerTest","com.swp391.koibe.controllers.ForgotPasswordControllerTest","updatePassword"
"","3","convertToBidDTO()","","Mon Nov 11 17:06:26 GMT 2024","passed","Mon Nov 11 17:06:26 GMT 2024","","com.swp391.koibe.utils.DTOConverterTest","com.swp391.koibe.utils.DTOConverterTest","convertToBidDTO"
"","4","getKoiById()","","Mon Nov 11 17:06:12 GMT 2024","passed","Mon Nov 11 17:06:12 GMT 2024","","com.swp391.koibe.services.koi.KoiServiceTest","com.swp391.koibe.services.koi.KoiServiceTest","getKoiById"
"","3","getOrdersByKeyword()","","Mon Nov 11 17:06:16 GMT 2024","passed","Mon Nov 11 17:06:16 GMT 2024","","com.swp391.koibe.services.order.OrderServiceTest","com.swp391.koibe.services.order.OrderServiceTest","getOrdersByKeyword"
"","2","getOrder()","","Mon Nov 11 17:06:16 GMT 2024","passed","Mon Nov 11 17:06:16 GMT 2024","","com.swp391.koibe.services.order.OrderServiceTest","com.swp391.koibe.services.order.OrderServiceTest","getOrder"
"","4","getKoisByBreederIdAndStatus()","","Mon Nov 11 17:06:21 GMT 2024","passed","Mon Nov 11 17:06:21 GMT 2024","","com.swp391.koibe.services.user.breeder.BreederServiceTest","com.swp391.koibe.services.user.breeder.BreederServiceTest","getKoisByBreederIdAndStatus"
"","3","createAuction()","","Mon Nov 11 17:05:54 GMT 2024","passed","Mon Nov 11 17:05:54 GMT 2024","","com.swp391.koibe.controllers.AuctionControllerTest","com.swp391.koibe.controllers.AuctionControllerTest","createAuction"
"","2","getPaymentsByStatusAndKeyword()","","Mon Nov 11 17:05:58 GMT 2024","passed","Mon Nov 11 17:05:58 GMT 2024","","com.swp391.koibe.controllers.PaymentControllerTest","com.swp391.koibe.controllers.PaymentControllerTest","getPaymentsByStatusAndKeyword"
"","4","createNewKoi()","","Mon Nov 11 17:05:54 GMT 2024","passed","Mon Nov 11 17:05:54 GMT 2024","","com.swp391.koibe.controllers.KoiControllerTest","com.swp391.koibe.controllers.KoiControllerTest","createNewKoi"
"","3","getAuctionOnStatus()","","Mon Nov 11 17:06:21 GMT 2024","passed","Mon Nov 11 17:06:21 GMT 2024","","com.swp391.koibe.services.auction.AuctionServiceTest","com.swp391.koibe.services.auction.AuctionServiceTest","getAuctionOnStatus"
"","3","deleteOrderDetail()","","Mon Nov 11 17:05:54 GMT 2024","passed","Mon Nov 11 17:05:54 GMT 2024","","com.swp391.koibe.controllers.OrderDetailControllerTest","com.swp391.koibe.controllers.OrderDetailControllerTest","deleteOrderDetail"
"","3","updatePaymentStatus()","","Mon Nov 11 17:05:58 GMT 2024","passed","Mon Nov 11 17:05:58 GMT 2024","","com.swp391.koibe.controllers.PaymentControllerTest","com.swp391.koibe.controllers.PaymentControllerTest","updatePaymentStatus"
"","7","getUserHighestBid()","","Mon Nov 11 17:05:54 GMT 2024","passed","Mon Nov 11 17:05:54 GMT 2024","","com.swp391.koibe.controllers.BiddingHistoryControllerTest","com.swp391.koibe.controllers.BiddingHistoryControllerTest","getUserHighestBid"
"","23","testDeleteRole_Success()","","Mon Nov 11 17:05:58 GMT 2024","passed","Mon Nov 11 17:05:58 GMT 2024","","com.swp391.koibe.controllers.RoleControllerTest","com.swp391.koibe.controllers.RoleControllerTest","testDeleteRole_Success"
"","3","blockOrEnable()","","Mon Nov 11 17:06:16 GMT 2024","passed","Mon Nov 11 17:06:16 GMT 2024","","com.swp391.koibe.services.user.UserServiceTest","com.swp391.koibe.services.user.UserServiceTest","blockOrEnable"
"","3","createAuctionParticipant()","","Mon Nov 11 17:06:01 GMT 2024","passed","Mon Nov 11 17:06:02 GMT 2024","","com.swp391.koibe.services.auctionparticipant.AuctionParticipantServiceTest","com.swp391.koibe.services.auctionparticipant.AuctionParticipantServiceTest","createAuctionParticipant"
"","6","getAuctionByAuctioneerId()","","Mon Nov 11 17:06:21 GMT 2024","passed","Mon Nov 11 17:06:21 GMT 2024","","com.swp391.koibe.services.auction.AuctionServiceTest","com.swp391.koibe.services.auction.AuctionServiceTest","getAuctionByAuctioneerId"
"","2","getAuctionKoiById()","","Mon Nov 11 17:06:24 GMT 2024","passed","Mon Nov 11 17:06:24 GMT 2024","","com.swp391.koibe.services.auctionkoi.AuctionKoiServiceTest","com.swp391.koibe.services.auctionkoi.AuctionKoiServiceTest","getAuctionKoiById"
"","15","getFeedbackByOrderId()","","Mon Nov 11 17:06:12 GMT 2024","passed","Mon Nov 11 17:06:12 GMT 2024","","com.swp391.koibe.services.feedback.FeedbackServiceTest","com.swp391.koibe.services.feedback.FeedbackServiceTest","getFeedbackByOrderId"
"","5","ascending()","","Mon Nov 11 17:06:12 GMT 2024","passed","Mon Nov 11 17:06:12 GMT 2024","","com.swp391.koibe.services.biddinghistory.BiddingHistoryServiceTest","com.swp391.koibe.services.biddinghistory.BiddingHistoryServiceTest","ascending"
"","13","getAllAuctionKois()","","Mon Nov 11 17:06:24 GMT 2024","passed","Mon Nov 11 17:06:24 GMT 2024","","com.swp391.koibe.services.auctionkoi.AuctionKoiServiceTest","com.swp391.koibe.services.auctionkoi.AuctionKoiServiceTest","getAllAuctionKois"
"","3","existsByName()","","Mon Nov 11 17:06:12 GMT 2024","passed","Mon Nov 11 17:06:12 GMT 2024","","com.swp391.koibe.services.koi.KoiServiceTest","com.swp391.koibe.services.koi.KoiServiceTest","existsByName"
"","4","updateKoiImage()","","Mon Nov 11 17:06:02 GMT 2024","passed","Mon Nov 11 17:06:02 GMT 2024","","com.swp391.koibe.services.koiimage.KoiImageServiceTest","com.swp391.koibe.services.koiimage.KoiImageServiceTest","updateKoiImage"
"","2","createOrder()","","Mon Nov 11 17:05:54 GMT 2024","passed","Mon Nov 11 17:05:54 GMT 2024","","com.swp391.koibe.controllers.OrderControllerTest","com.swp391.koibe.controllers.OrderControllerTest","createOrder"
"","3","refreshToken()","","Mon Nov 11 17:06:02 GMT 2024","passed","Mon Nov 11 17:06:02 GMT 2024","","com.swp391.koibe.services.token.TokenServiceTest","com.swp391.koibe.services.token.TokenServiceTest","refreshToken"
"","5","getFeedbackById()","","Mon Nov 11 17:06:12 GMT 2024","passed","Mon Nov 11 17:06:12 GMT 2024","","com.swp391.koibe.services.feedback.FeedbackServiceTest","com.swp391.koibe.services.feedback.FeedbackServiceTest","getFeedbackById"
"","2","verifiedUserNotLogin()","","Mon Nov 11 17:05:54 GMT 2024","passed","Mon Nov 11 17:05:54 GMT 2024","","com.swp391.koibe.controllers.OtpControllerTest","com.swp391.koibe.controllers.OtpControllerTest","verifiedUserNotLogin"
"","12","getKoiImagesByKoiId()","","Mon Nov 11 17:06:02 GMT 2024","passed","Mon Nov 11 17:06:02 GMT 2024","","com.swp391.koibe.services.koiimage.KoiImageServiceTest","com.swp391.koibe.services.koiimage.KoiImageServiceTest","getKoiImagesByKoiId"
"","4","deleteById()","","Mon Nov 11 17:06:08 GMT 2024","passed","Mon Nov 11 17:06:08 GMT 2024","","com.swp391.koibe.services.orderdetail.OrderDetailServiceTest","com.swp391.koibe.services.orderdetail.OrderDetailServiceTest","deleteById"
"","3","deleteFeedback()","","Mon Nov 11 17:05:58 GMT 2024","passed","Mon Nov 11 17:05:58 GMT 2024","","com.swp391.koibe.controllers.FeedbackControllerTest","com.swp391.koibe.controllers.FeedbackControllerTest","deleteFeedback"
"","3","updateOrderWithDetails()","","Mon Nov 11 17:06:16 GMT 2024","passed","Mon Nov 11 17:06:16 GMT 2024","","com.swp391.koibe.services.order.OrderServiceTest","com.swp391.koibe.services.order.OrderServiceTest","updateOrderWithDetails"
"","4","findById()","","Mon Nov 11 17:06:21 GMT 2024","passed","Mon Nov 11 17:06:21 GMT 2024","","com.swp391.koibe.services.user.breeder.BreederServiceTest","com.swp391.koibe.services.user.breeder.BreederServiceTest","findById"
"","4","createOrderPayment()","","Mon Nov 11 17:06:08 GMT 2024","passed","Mon Nov 11 17:06:08 GMT 2024","","com.swp391.koibe.services.payment.PaymentServiceTest","com.swp391.koibe.services.payment.PaymentServiceTest","createOrderPayment"
"","3","getBreeder()","","Mon Nov 11 17:05:54 GMT 2024","passed","Mon Nov 11 17:05:54 GMT 2024","","com.swp391.koibe.controllers.BreederControllerTest","com.swp391.koibe.controllers.BreederControllerTest","getBreeder"
"","3","sendOrderCancelledToUser()","","Mon Nov 11 17:06:16 GMT 2024","passed","Mon Nov 11 17:06:16 GMT 2024","","com.swp391.koibe.services.order.OrderMailServiceTest","com.swp391.koibe.services.order.OrderMailServiceTest","sendOrderCancelledToUser"
"","5","createMember()","","Mon Nov 11 17:06:18 GMT 2024","passed","Mon Nov 11 17:06:18 GMT 2024","","com.swp391.koibe.services.user.member.MemberServiceTest","com.swp391.koibe.services.user.member.MemberServiceTest","createMember"
"","51","testCreateRole_Success()","","Mon Nov 11 17:05:58 GMT 2024","passed","Mon Nov 11 17:05:58 GMT 2024","","com.swp391.koibe.controllers.RoleControllerTest","com.swp391.koibe.controllers.RoleControllerTest","testCreateRole_Success"
"","18","testUpdateRole()","","Mon Nov 11 17:06:08 GMT 2024","passed","Mon Nov 11 17:06:08 GMT 2024","","com.swp391.koibe.services.role.RoleServiceTest","com.swp391.koibe.services.role.RoleServiceTest","testUpdateRole"
"","6","createNewStaff()","","Mon Nov 11 17:05:54 GMT 2024","passed","Mon Nov 11 17:05:54 GMT 2024","","com.swp391.koibe.controllers.StaffControllerTest","com.swp391.koibe.controllers.StaffControllerTest","createNewStaff"
"","3","sendForgotPassword()","","Mon Nov 11 17:05:58 GMT 2024","passed","Mon Nov 11 17:05:58 GMT 2024","","com.swp391.koibe.controllers.MailControllerTest","com.swp391.koibe.controllers.MailControllerTest","sendForgotPassword"
"","5","createFixedPriceAuction()","","Mon Nov 11 17:06:21 GMT 2024","passed","Mon Nov 11 17:06:21 GMT 2024","","com.swp391.koibe.services.auction.AuctionServiceTest","com.swp391.koibe.services.auction.AuctionServiceTest","createFixedPriceAuction"
"","5","getBidHistoryById()","","Mon Nov 11 17:06:12 GMT 2024","passed","Mon Nov 11 17:06:12 GMT 2024","","com.swp391.koibe.services.biddinghistory.BiddingHistoryServiceTest","com.swp391.koibe.services.biddinghistory.BiddingHistoryServiceTest","getBidHistoryById"
"","22","testCreateRole_ValidationError()","","Mon Nov 11 17:05:58 GMT 2024","passed","Mon Nov 11 17:05:58 GMT 2024","","com.swp391.koibe.controllers.RoleControllerTest","com.swp391.koibe.controllers.RoleControllerTest","testCreateRole_ValidationError"
"","3","convertToAuctionDTO()","","Mon Nov 11 17:06:26 GMT 2024","passed","Mon Nov 11 17:06:26 GMT 2024","","com.swp391.koibe.utils.DTOConverterTest","com.swp391.koibe.utils.DTOConverterTest","convertToAuctionDTO"
"","5","getAllKoiImages()","","Mon Nov 11 17:05:54 GMT 2024","passed","Mon Nov 11 17:05:54 GMT 2024","","com.swp391.koibe.controllers.KoiImageControllerTest","com.swp391.koibe.controllers.KoiImageControllerTest","getAllKoiImages"
"","3","getAllStaffs()","","Mon Nov 11 17:06:21 GMT 2024","passed","Mon Nov 11 17:06:21 GMT 2024","","com.swp391.koibe.services.user.staff.StaffServiceTest","com.swp391.koibe.services.user.staff.StaffServiceTest","getAllStaffs"
"","4","updateUser()","","Mon Nov 11 17:06:16 GMT 2024","passed","Mon Nov 11 17:06:16 GMT 2024","","com.swp391.koibe.services.user.UserServiceTest","com.swp391.koibe.services.user.UserServiceTest","updateUser"
"","3","deposit()","","Mon Nov 11 17:05:58 GMT 2024","passed","Mon Nov 11 17:05:58 GMT 2024","","com.swp391.koibe.controllers.UserControllerTest","com.swp391.koibe.controllers.UserControllerTest","deposit"
"","21","getKoiImage()","","Mon Nov 11 17:06:02 GMT 2024","passed","Mon Nov 11 17:06:02 GMT 2024","","com.swp391.koibe.services.koiimage.KoiImageServiceTest","com.swp391.koibe.services.koiimage.KoiImageServiceTest","getKoiImage"
"","2","testGetOrdersByStatus()","","Mon Nov 11 17:06:16 GMT 2024","passed","Mon Nov 11 17:06:16 GMT 2024","","com.swp391.koibe.services.order.OrderServiceTest","com.swp391.koibe.services.order.OrderServiceTest","testGetOrdersByStatus"
"","3","getOrderDetail()","","Mon Nov 11 17:05:54 GMT 2024","passed","Mon Nov 11 17:05:54 GMT 2024","","com.swp391.koibe.controllers.OrderDetailControllerTest","com.swp391.koibe.controllers.OrderDetailControllerTest","getOrderDetail"
"","2","getAuctionsByKeyword()","","Mon Nov 11 17:05:54 GMT 2024","passed","Mon Nov 11 17:05:54 GMT 2024","","com.swp391.koibe.controllers.AuctionControllerTest","com.swp391.koibe.controllers.AuctionControllerTest","getAuctionsByKeyword"
"","4","verifiedUserNotLogin()","","Mon Nov 11 17:05:58 GMT 2024","passed","Mon Nov 11 17:05:58 GMT 2024","","com.swp391.koibe.controllers.UserControllerTest","com.swp391.koibe.controllers.UserControllerTest","verifiedUserNotLogin"
"","5","updateOrder()","","Mon Nov 11 17:06:16 GMT 2024","passed","Mon Nov 11 17:06:16 GMT 2024","","com.swp391.koibe.services.order.OrderServiceTest","com.swp391.koibe.services.order.OrderServiceTest","updateOrder"
"","4","testCreateOrder()","","Mon Nov 11 17:06:16 GMT 2024","passed","Mon Nov 11 17:06:16 GMT 2024","","com.swp391.koibe.services.order.OrderServiceTest","com.swp391.koibe.services.order.OrderServiceTest","testCreateOrder"
"","9","deleteKoiImage()","","Mon Nov 11 17:06:02 GMT 2024","passed","Mon Nov 11 17:06:02 GMT 2024","","com.swp391.koibe.services.koiimage.KoiImageServiceTest","com.swp391.koibe.services.koiimage.KoiImageServiceTest","deleteKoiImage"
"","3","createUser()","","Mon Nov 11 17:05:58 GMT 2024","passed","Mon Nov 11 17:05:58 GMT 2024","","com.swp391.koibe.controllers.UserControllerTest","com.swp391.koibe.controllers.UserControllerTest","createUser"
"","10","getKoisByBreederID()","","Mon Nov 11 17:06:21 GMT 2024","passed","Mon Nov 11 17:06:21 GMT 2024","","com.swp391.koibe.services.user.breeder.BreederServiceTest","com.swp391.koibe.services.user.breeder.BreederServiceTest","getKoisByBreederID"
"","3","convertToKoiDTO()","","Mon Nov 11 17:06:26 GMT 2024","passed","Mon Nov 11 17:06:26 GMT 2024","","com.swp391.koibe.utils.DTOConverterTest","com.swp391.koibe.utils.DTOConverterTest","convertToKoiDTO"
"","3","confirmDelivery()","","Mon Nov 11 17:05:54 GMT 2024","passed","Mon Nov 11 17:05:54 GMT 2024","","com.swp391.koibe.controllers.OrderControllerTest","com.swp391.koibe.controllers.OrderControllerTest","confirmDelivery"
"","2","getAuctionKoiByAuctionIdAndKoiId()","","Mon Nov 11 17:05:59 GMT 2024","passed","Mon Nov 11 17:05:59 GMT 2024","","com.swp391.koibe.controllers.AuctionKoiControllerTest","com.swp391.koibe.controllers.AuctionKoiControllerTest","getAuctionKoiByAuctionIdAndKoiId"
"","79","testGetRoleById_Success()","","Mon Nov 11 17:05:58 GMT 2024","passed","Mon Nov 11 17:05:58 GMT 2024","","com.swp391.koibe.controllers.RoleControllerTest","com.swp391.koibe.controllers.RoleControllerTest","testGetRoleById_Success"
"","85","testUpdateRole_NotFound()","","Mon Nov 11 17:05:56 GMT 2024","passed","Mon Nov 11 17:05:56 GMT 2024","","com.swp391.koibe.controllers.RoleControllerTest","com.swp391.koibe.controllers.RoleControllerTest","testUpdateRole_NotFound"
"","6","testGetRoleById()","","Mon Nov 11 17:06:08 GMT 2024","passed","Mon Nov 11 17:06:08 GMT 2024","","com.swp391.koibe.services.role.RoleServiceTest","com.swp391.koibe.services.role.RoleServiceTest","testGetRoleById"
"","2","updateOrderStatus()","","Mon Nov 11 17:06:16 GMT 2024","passed","Mon Nov 11 17:06:16 GMT 2024","","com.swp391.koibe.services.order.OrderServiceTest","com.swp391.koibe.services.order.OrderServiceTest","updateOrderStatus"
"","14","createFeedback()","","Mon Nov 11 17:06:12 GMT 2024","passed","Mon Nov 11 17:06:12 GMT 2024","","com.swp391.koibe.services.feedback.FeedbackServiceTest","com.swp391.koibe.services.feedback.FeedbackServiceTest","createFeedback"
"","5","getKoisByKeyword()","","Mon Nov 11 17:05:54 GMT 2024","passed","Mon Nov 11 17:05:54 GMT 2024","","com.swp391.koibe.controllers.KoiControllerTest","com.swp391.koibe.controllers.KoiControllerTest","getKoisByKeyword"
"","5","sendOrderCreatedEmailToUser()","","Mon Nov 11 17:06:16 GMT 2024","passed","Mon Nov 11 17:06:16 GMT 2024","","com.swp391.koibe.services.order.OrderMailServiceTest","com.swp391.koibe.services.order.OrderMailServiceTest","sendOrderCreatedEmailToUser"
"","3","getAuctionKoiResponeById()","","Mon Nov 11 17:06:24 GMT 2024","passed","Mon Nov 11 17:06:24 GMT 2024","","com.swp391.koibe.services.auctionkoi.AuctionKoiServiceTest","com.swp391.koibe.services.auctionkoi.AuctionKoiServiceTest","getAuctionKoiResponeById"
"","4","getOrdersByKeyword()","","Mon Nov 11 17:05:59 GMT 2024","passed","Mon Nov 11 17:05:59 GMT 2024","","com.swp391.koibe.controllers.AuctionKoiControllerTest","com.swp391.koibe.controllers.AuctionKoiControllerTest","getOrdersByKeyword"
"","2","updateOrderStatus()","","Mon Nov 11 17:05:54 GMT 2024","passed","Mon Nov 11 17:05:54 GMT 2024","","com.swp391.koibe.controllers.OrderControllerTest","com.swp391.koibe.controllers.OrderControllerTest","updateOrderStatus"
"","3","revokeKoiInAuction()","","Mon Nov 11 17:06:24 GMT 2024","passed","Mon Nov 11 17:06:24 GMT 2024","","com.swp391.koibe.services.auctionkoi.AuctionKoiServiceTest","com.swp391.koibe.services.auctionkoi.AuctionKoiServiceTest","revokeKoiInAuction"
"","3","getAllFeedbacks()","","Mon Nov 11 17:06:12 GMT 2024","passed","Mon Nov 11 17:06:12 GMT 2024","","com.swp391.koibe.services.feedback.FeedbackServiceTest","com.swp391.koibe.services.feedback.FeedbackServiceTest","getAllFeedbacks"
"","3","endAuction()","","Mon Nov 11 17:05:54 GMT 2024","passed","Mon Nov 11 17:05:54 GMT 2024","","com.swp391.koibe.controllers.AuctionControllerTest","com.swp391.koibe.controllers.AuctionControllerTest","endAuction"
"","10","login()","","Mon Nov 11 17:06:16 GMT 2024","passed","Mon Nov 11 17:06:16 GMT 2024","","com.swp391.koibe.services.user.UserServiceTest","com.swp391.koibe.services.user.UserServiceTest","login"
"","4","handleVNPayReturn()","","Mon Nov 11 17:05:58 GMT 2024","passed","Mon Nov 11 17:05:58 GMT 2024","","com.swp391.koibe.controllers.PaymentControllerTest","com.swp391.koibe.controllers.PaymentControllerTest","handleVNPayReturn"
"","1441","testGetAllRoles()","","Mon Nov 11 17:05:56 GMT 2024","passed","Mon Nov 11 17:05:58 GMT 2024","","com.swp391.koibe.controllers.RoleControllerTest","com.swp391.koibe.controllers.RoleControllerTest","testGetAllRoles"
"","3","updateUserBalance()","","Mon Nov 11 17:06:16 GMT 2024","passed","Mon Nov 11 17:06:16 GMT 2024","","com.swp391.koibe.services.user.UserServiceTest","com.swp391.koibe.services.user.UserServiceTest","updateUserBalance"
"","16","verifyOtpToVerifyUser()","","Mon Nov 11 17:06:16 GMT 2024","passed","Mon Nov 11 17:06:16 GMT 2024","","com.swp391.koibe.services.user.UserServiceTest","com.swp391.koibe.services.user.UserServiceTest","verifyOtpToVerifyUser"
"","3","updateFeedback()","","Mon Nov 11 17:05:58 GMT 2024","passed","Mon Nov 11 17:05:58 GMT 2024","","com.swp391.koibe.controllers.FeedbackControllerTest","com.swp391.koibe.controllers.FeedbackControllerTest","updateFeedback"
"","3","getOtpByEmailOtp()","","Mon Nov 11 17:06:24 GMT 2024","passed","Mon Nov 11 17:06:24 GMT 2024","","com.swp391.koibe.services.otp.OtpServiceTest","com.swp391.koibe.services.otp.OtpServiceTest","getOtpByEmailOtp"
"","4","findByUserId()","","Mon Nov 11 17:06:16 GMT 2024","passed","Mon Nov 11 17:06:16 GMT 2024","","com.swp391.koibe.services.order.OrderServiceTest","com.swp391.koibe.services.order.OrderServiceTest","findByUserId"
"","17","createDepositPayment()","","Mon Nov 11 17:06:08 GMT 2024","passed","Mon Nov 11 17:06:08 GMT 2024","","com.swp391.koibe.services.payment.PaymentServiceTest","com.swp391.koibe.services.payment.PaymentServiceTest","createDepositPayment"
"","2386","testDeleteRole_NotFound()","","Mon Nov 11 17:05:54 GMT 2024","passed","Mon Nov 11 17:05:56 GMT 2024","","com.swp391.koibe.controllers.RoleControllerTest","com.swp391.koibe.controllers.RoleControllerTest","testDeleteRole_NotFound"
"","3","deleteOrder()","","Mon Nov 11 17:06:16 GMT 2024","passed","Mon Nov 11 17:06:16 GMT 2024","","com.swp391.koibe.services.order.OrderServiceTest","com.swp391.koibe.services.order.OrderServiceTest","deleteOrder"
"","5","getCategoryById()","","Mon Nov 11 17:05:53 GMT 2024","passed","Mon Nov 11 17:05:53 GMT 2024","","com.swp391.koibe.controllers.CategoryControllerTest","com.swp391.koibe.controllers.CategoryControllerTest","getCategoryById"
"","18","getAllUsers()","","Mon Nov 11 17:06:16 GMT 2024","passed","Mon Nov 11 17:06:16 GMT 2024","","com.swp391.koibe.services.user.UserServiceTest","com.swp391.koibe.services.user.UserServiceTest","getAllUsers"
"","8","hasJoinedAuction()","","Mon Nov 11 17:06:01 GMT 2024","passed","Mon Nov 11 17:06:01 GMT 2024","","com.swp391.koibe.services.auctionparticipant.AuctionParticipantServiceTest","com.swp391.koibe.services.auctionparticipant.AuctionParticipantServiceTest","hasJoinedAuction"
"","3","verifyOtpIsCorrect()","","Mon Nov 11 17:06:16 GMT 2024","passed","Mon Nov 11 17:06:16 GMT 2024","","com.swp391.koibe.services.user.UserServiceTest","com.swp391.koibe.services.user.UserServiceTest","verifyOtpIsCorrect"
"","5","update()","","Mon Nov 11 17:06:15 GMT 2024","passed","Mon Nov 11 17:06:15 GMT 2024","","com.swp391.koibe.services.category.CategoryServiceTest","com.swp391.koibe.services.category.CategoryServiceTest","update"
"","6","updateProduct()","","Mon Nov 11 17:05:54 GMT 2024","passed","Mon Nov 11 17:05:54 GMT 2024","","com.swp391.koibe.controllers.KoiControllerTest","com.swp391.koibe.controllers.KoiControllerTest","updateProduct"
"","3","revokeKoiInAuction()","","Mon Nov 11 17:05:59 GMT 2024","passed","Mon Nov 11 17:05:59 GMT 2024","","com.swp391.koibe.controllers.AuctionKoiControllerTest","com.swp391.koibe.controllers.AuctionKoiControllerTest","revokeKoiInAuction"
"","4","getKoiListByStatus()","","Mon Nov 11 17:05:54 GMT 2024","passed","Mon Nov 11 17:05:54 GMT 2024","","com.swp391.koibe.controllers.KoiControllerTest","com.swp391.koibe.controllers.KoiControllerTest","getKoiListByStatus"
"","2","searchUserOrdersByKeyword()","","Mon Nov 11 17:05:54 GMT 2024","passed","Mon Nov 11 17:05:54 GMT 2024","","com.swp391.koibe.controllers.OrderControllerTest","com.swp391.koibe.controllers.OrderControllerTest","searchUserOrdersByKeyword"
"","5","authenticateGoogle()","","Mon Nov 11 17:05:54 GMT 2024","passed","Mon Nov 11 17:05:54 GMT 2024","","com.swp391.koibe.controllers.OAuth2ControllerTest","com.swp391.koibe.controllers.OAuth2ControllerTest","authenticateGoogle"
"","3","searchUserOrders()","","Mon Nov 11 17:06:16 GMT 2024","passed","Mon Nov 11 17:06:16 GMT 2024","","com.swp391.koibe.services.order.OrderServiceTest","com.swp391.koibe.services.order.OrderServiceTest","searchUserOrders"
"","4","createKoi()","","Mon Nov 11 17:06:12 GMT 2024","passed","Mon Nov 11 17:06:12 GMT 2024","","com.swp391.koibe.services.koi.KoiServiceTest","com.swp391.koibe.services.koi.KoiServiceTest","createKoi"
"","3","updateUserDetails()","","Mon Nov 11 17:05:58 GMT 2024","passed","Mon Nov 11 17:05:58 GMT 2024","","com.swp391.koibe.controllers.UserControllerTest","com.swp391.koibe.controllers.UserControllerTest","updateUserDetails"
"","13","createNewStaff()","","Mon Nov 11 17:06:21 GMT 2024","passed","Mon Nov 11 17:06:21 GMT 2024","","com.swp391.koibe.services.user.staff.StaffServiceTest","com.swp391.koibe.services.user.staff.StaffServiceTest","createNewStaff"
"","4","getBreederKoiListByStatus()","","Mon Nov 11 17:05:54 GMT 2024","passed","Mon Nov 11 17:05:54 GMT 2024","","com.swp391.koibe.controllers.KoiControllerTest","com.swp391.koibe.controllers.KoiControllerTest","getBreederKoiListByStatus"
"","3","getAllBreeders()","","Mon Nov 11 17:05:54 GMT 2024","passed","Mon Nov 11 17:05:54 GMT 2024","","com.swp391.koibe.controllers.BreederControllerTest","com.swp391.koibe.controllers.BreederControllerTest","getAllBreeders"
"","5","getMember()","","Mon Nov 11 17:05:58 GMT 2024","passed","Mon Nov 11 17:05:58 GMT 2024","","com.swp391.koibe.controllers.MemberControllerTest","com.swp391.koibe.controllers.MemberControllerTest","getMember"
"","4","sealed()","","Mon Nov 11 17:06:12 GMT 2024","passed","Mon Nov 11 17:06:12 GMT 2024","","com.swp391.koibe.services.biddinghistory.BiddingHistoryServiceTest","com.swp391.koibe.services.biddinghistory.BiddingHistoryServiceTest","sealed"
"","4","getOrdersByStatus()","","Mon Nov 11 17:06:16 GMT 2024","passed","Mon Nov 11 17:06:16 GMT 2024","","com.swp391.koibe.services.order.OrderServiceTest","com.swp391.koibe.services.order.OrderServiceTest","getOrdersByStatus"
"","2","createDrawOutRequest()","","Mon Nov 11 17:05:58 GMT 2024","passed","Mon Nov 11 17:05:58 GMT 2024","","com.swp391.koibe.controllers.PaymentControllerTest","com.swp391.koibe.controllers.PaymentControllerTest","createDrawOutRequest"
"","2","getUserDetails()","","Mon Nov 11 17:05:58 GMT 2024","passed","Mon Nov 11 17:05:58 GMT 2024","","com.swp391.koibe.controllers.UserControllerTest","com.swp391.koibe.controllers.UserControllerTest","getUserDetails"
"","3","login()","","Mon Nov 11 17:05:58 GMT 2024","passed","Mon Nov 11 17:05:58 GMT 2024","","com.swp391.koibe.controllers.UserControllerTest","com.swp391.koibe.controllers.UserControllerTest","login"
"","748","deleteCategory()","","Mon Nov 11 17:05:53 GMT 2024","passed","Mon Nov 11 17:05:53 GMT 2024","","com.swp391.koibe.controllers.CategoryControllerTest","com.swp391.koibe.controllers.CategoryControllerTest","deleteCategory"
"","4","createKoiImage()","","Mon Nov 11 17:06:02 GMT 2024","passed","Mon Nov 11 17:06:02 GMT 2024","","com.swp391.koibe.services.koiimage.KoiImageServiceTest","com.swp391.koibe.services.koiimage.KoiImageServiceTest","createKoiImage"
"","5","createStaff()","","Mon Nov 11 17:05:54 GMT 2024","passed","Mon Nov 11 17:05:54 GMT 2024","","com.swp391.koibe.controllers.StaffControllerTest","com.swp391.koibe.controllers.StaffControllerTest","createStaff"
"","5","deleteMember()","","Mon Nov 11 17:06:18 GMT 2024","passed","Mon Nov 11 17:06:18 GMT 2024","","com.swp391.koibe.services.user.member.MemberServiceTest","com.swp391.koibe.services.user.member.MemberServiceTest","deleteMember"
"","7","fixedPrice()","","Mon Nov 11 17:06:12 GMT 2024","passed","Mon Nov 11 17:06:12 GMT 2024","","com.swp391.koibe.services.biddinghistory.BiddingHistoryServiceTest","com.swp391.koibe.services.biddinghistory.BiddingHistoryServiceTest","fixedPrice"
"","3","existsByName()","","Mon Nov 11 17:06:24 GMT 2024","passed","Mon Nov 11 17:06:24 GMT 2024","","com.swp391.koibe.services.auctionkoi.AuctionKoiServiceTest","com.swp391.koibe.services.auctionkoi.AuctionKoiServiceTest","existsByName"
"","2","getKoisByBreederId()","","Mon Nov 11 17:05:54 GMT 2024","passed","Mon Nov 11 17:05:54 GMT 2024","","com.swp391.koibe.controllers.BreederControllerTest","com.swp391.koibe.controllers.BreederControllerTest","getKoisByBreederId"
"","5","createCategory()","","Mon Nov 11 17:05:53 GMT 2024","passed","Mon Nov 11 17:05:53 GMT 2024","","com.swp391.koibe.controllers.CategoryControllerTest","com.swp391.koibe.controllers.CategoryControllerTest","createCategory"
"","4","getAuctionKoiDetails()","","Mon Nov 11 17:05:59 GMT 2024","passed","Mon Nov 11 17:05:59 GMT 2024","","com.swp391.koibe.controllers.AuctionKoiControllerTest","com.swp391.koibe.controllers.AuctionKoiControllerTest","getAuctionKoiDetails"
"","3","validateAuctionTimes()","","Mon Nov 11 17:06:24 GMT 2024","passed","Mon Nov 11 17:06:24 GMT 2024","","com.swp391.koibe.utils.DateTimeUtilsTest","com.swp391.koibe.utils.DateTimeUtilsTest","validateAuctionTimes"
"","3","getAllAuctions()","","Mon Nov 11 17:05:54 GMT 2024","passed","Mon Nov 11 17:05:54 GMT 2024","","com.swp391.koibe.controllers.AuctionControllerTest","com.swp391.koibe.controllers.AuctionControllerTest","getAllAuctions"
"","3","getAuctionByStatus()","","Mon Nov 11 17:06:21 GMT 2024","passed","Mon Nov 11 17:06:21 GMT 2024","","com.swp391.koibe.services.auction.AuctionServiceTest","com.swp391.koibe.services.auction.AuctionServiceTest","getAuctionByStatus"
"","3","updateAccountBalance()","","Mon Nov 11 17:06:16 GMT 2024","passed","Mon Nov 11 17:06:16 GMT 2024","","com.swp391.koibe.services.user.UserServiceTest","com.swp391.koibe.services.user.UserServiceTest","updateAccountBalance"
"","3","getAuctionIsSold()","","Mon Nov 11 17:06:24 GMT 2024","passed","Mon Nov 11 17:06:24 GMT 2024","","com.swp391.koibe.services.auctionkoi.AuctionKoiServiceTest","com.swp391.koibe.services.auctionkoi.AuctionKoiServiceTest","getAuctionIsSold"
"","3","convertToAuctionKoiDTO()","","Mon Nov 11 17:06:26 GMT 2024","passed","Mon Nov 11 17:06:26 GMT 2024","","com.swp391.koibe.utils.DTOConverterTest","com.swp391.koibe.utils.DTOConverterTest","convertToAuctionKoiDTO"
"","4","deleteProduct()","","Mon Nov 11 17:05:54 GMT 2024","passed","Mon Nov 11 17:05:54 GMT 2024","","com.swp391.koibe.controllers.KoiControllerTest","com.swp391.koibe.controllers.KoiControllerTest","deleteProduct"
"","5","deleteBidHistory()","","Mon Nov 11 17:06:12 GMT 2024","passed","Mon Nov 11 17:06:12 GMT 2024","","com.swp391.koibe.services.biddinghistory.BiddingHistoryServiceTest","com.swp391.koibe.services.biddinghistory.BiddingHistoryServiceTest","deleteBidHistory"
"","11","sendRefundEmail()","","Mon Nov 11 17:06:12 GMT 2024","passed","Mon Nov 11 17:06:12 GMT 2024","","com.swp391.koibe.services.biddinghistory.BiddingHistoryEmailServiceTest","com.swp391.koibe.services.biddinghistory.BiddingHistoryEmailServiceTest","sendRefundEmail"
"","4","getFeedbackById()","","Mon Nov 11 17:05:58 GMT 2024","passed","Mon Nov 11 17:05:58 GMT 2024","","com.swp391.koibe.controllers.FeedbackControllerTest","com.swp391.koibe.controllers.FeedbackControllerTest","getFeedbackById"
"","10","testUpdatePaymentStatus()","","Mon Nov 11 17:06:08 GMT 2024","passed","Mon Nov 11 17:06:08 GMT 2024","","com.swp391.koibe.services.payment.PaymentServiceTest","com.swp391.koibe.services.payment.PaymentServiceTest","testUpdatePaymentStatus"
"","3","createFeedback()","","Mon Nov 11 17:05:58 GMT 2024","passed","Mon Nov 11 17:05:58 GMT 2024","","com.swp391.koibe.controllers.FeedbackControllerTest","com.swp391.koibe.controllers.FeedbackControllerTest","createFeedback"
"","5","getGoogleClientId()","","Mon Nov 11 17:05:54 GMT 2024","passed","Mon Nov 11 17:05:54 GMT 2024","","com.swp391.koibe.controllers.OAuth2ControllerTest","com.swp391.koibe.controllers.OAuth2ControllerTest","getGoogleClientId"
"","4","getBidderHighestBid()","","Mon Nov 11 17:06:12 GMT 2024","passed","Mon Nov 11 17:06:12 GMT 2024","","com.swp391.koibe.services.biddinghistory.BiddingHistoryServiceTest","com.swp391.koibe.services.biddinghistory.BiddingHistoryServiceTest","getBidderHighestBid"
"","11","getKoiImageByKoiId()","","Mon Nov 11 17:05:54 GMT 2024","passed","Mon Nov 11 17:05:54 GMT 2024","","com.swp391.koibe.controllers.KoiImageControllerTest","com.swp391.koibe.controllers.KoiImageControllerTest","getKoiImageByKoiId"
"","3","getKoisByBreederIdAndStatus()","","Mon Nov 11 17:05:54 GMT 2024","passed","Mon Nov 11 17:05:54 GMT 2024","","com.swp391.koibe.controllers.BreederControllerTest","com.swp391.koibe.controllers.BreederControllerTest","getKoisByBreederIdAndStatus"
"","2","updateAuctionKoiStatus()","","Mon Nov 11 17:06:24 GMT 2024","passed","Mon Nov 11 17:06:24 GMT 2024","","com.swp391.koibe.services.auctionkoi.AuctionKoiServiceTest","com.swp391.koibe.services.auctionkoi.AuctionKoiServiceTest","updateAuctionKoiStatus"
"","3","deleteAuction()","","Mon Nov 11 17:05:54 GMT 2024","passed","Mon Nov 11 17:05:54 GMT 2024","","com.swp391.koibe.controllers.AuctionControllerTest","com.swp391.koibe.controllers.AuctionControllerTest","deleteAuction"
"","24","getAllCategories()","","Mon Nov 11 17:06:15 GMT 2024","passed","Mon Nov 11 17:06:15 GMT 2024","","com.swp391.koibe.services.category.CategoryServiceTest","com.swp391.koibe.services.category.CategoryServiceTest","getAllCategories"
"","4","getUnverifiedKoisByKeyword()","","Mon Nov 11 17:05:54 GMT 2024","passed","Mon Nov 11 17:05:54 GMT 2024","","com.swp391.koibe.controllers.KoiControllerTest","com.swp391.koibe.controllers.KoiControllerTest","getUnverifiedKoisByKeyword"
"","29","updateKoi()","","Mon Nov 11 17:06:12 GMT 2024","passed","Mon Nov 11 17:06:12 GMT 2024","","com.swp391.koibe.services.koi.KoiServiceTest","com.swp391.koibe.services.koi.KoiServiceTest","updateKoi"
"","15","disableOtp()","","Mon Nov 11 17:06:24 GMT 2024","passed","Mon Nov 11 17:06:24 GMT 2024","","com.swp391.koibe.services.otp.OtpServiceTest","com.swp391.koibe.services.otp.OtpServiceTest","disableOtp"
"","3","createAscendingAuction()","","Mon Nov 11 17:06:21 GMT 2024","passed","Mon Nov 11 17:06:21 GMT 2024","","com.swp391.koibe.services.auction.AuctionServiceTest","com.swp391.koibe.services.auction.AuctionServiceTest","createAscendingAuction"
"","5","uploadImages()","","Mon Nov 11 17:05:54 GMT 2024","passed","Mon Nov 11 17:05:54 GMT 2024","","com.swp391.koibe.controllers.KoiControllerTest","com.swp391.koibe.controllers.KoiControllerTest","uploadImages"
"","4","testGetKoisByBreederID()","","Mon Nov 11 17:06:21 GMT 2024","passed","Mon Nov 11 17:06:21 GMT 2024","","com.swp391.koibe.services.user.breeder.BreederServiceTest","com.swp391.koibe.services.user.breeder.BreederServiceTest","testGetKoisByBreederID"
"","2","getAuctionKoiByAuctionIdV2()","","Mon Nov 11 17:06:24 GMT 2024","passed","Mon Nov 11 17:06:24 GMT 2024","","com.swp391.koibe.services.auctionkoi.AuctionKoiServiceTest","com.swp391.koibe.services.auctionkoi.AuctionKoiServiceTest","getAuctionKoiByAuctionIdV2"
"","3","updateAuctionKoi()","","Mon Nov 11 17:06:24 GMT 2024","passed","Mon Nov 11 17:06:24 GMT 2024","","com.swp391.koibe.services.auctionkoi.AuctionKoiServiceTest","com.swp391.koibe.services.auctionkoi.AuctionKoiServiceTest","updateAuctionKoi"
"","3","loginOrRegisterGoogle()","","Mon Nov 11 17:06:16 GMT 2024","passed","Mon Nov 11 17:06:16 GMT 2024","","com.swp391.koibe.services.user.UserServiceTest","com.swp391.koibe.services.user.UserServiceTest","loginOrRegisterGoogle"
"","16","testDeleteRole()","","Mon Nov 11 17:06:08 GMT 2024","passed","Mon Nov 11 17:06:08 GMT 2024","","com.swp391.koibe.services.role.RoleServiceTest","com.swp391.koibe.services.role.RoleServiceTest","testDeleteRole"
"","5","getById()","","Mon Nov 11 17:06:21 GMT 2024","passed","Mon Nov 11 17:06:21 GMT 2024","","com.swp391.koibe.services.auction.AuctionServiceTest","com.swp391.koibe.services.auction.AuctionServiceTest","getById"
"","3","getPaymentByUserIdAndStatus()","","Mon Nov 11 17:05:58 GMT 2024","passed","Mon Nov 11 17:05:58 GMT 2024","","com.swp391.koibe.controllers.PaymentControllerTest","com.swp391.koibe.controllers.PaymentControllerTest","getPaymentByUserIdAndStatus"
"","4","getOrders()","","Mon Nov 11 17:05:54 GMT 2024","passed","Mon Nov 11 17:05:54 GMT 2024","","com.swp391.koibe.controllers.OrderControllerTest","com.swp391.koibe.controllers.OrderControllerTest","getOrders"
"","4","deleteBreeder()","","Mon Nov 11 17:06:21 GMT 2024","passed","Mon Nov 11 17:06:21 GMT 2024","","com.swp391.koibe.services.user.breeder.BreederServiceTest","com.swp391.koibe.services.user.breeder.BreederServiceTest","deleteBreeder"
"","3","updateOrderStatusAndShipDate()","","Mon Nov 11 17:06:16 GMT 2024","passed","Mon Nov 11 17:06:16 GMT 2024","","com.swp391.koibe.services.order.OrderServiceTest","com.swp391.koibe.services.order.OrderServiceTest","updateOrderStatusAndShipDate"
"","3","getAuctionKoiDetailsById()","","Mon Nov 11 17:06:24 GMT 2024","passed","Mon Nov 11 17:06:24 GMT 2024","","com.swp391.koibe.services.auctionkoi.AuctionKoiServiceTest","com.swp391.koibe.services.auctionkoi.AuctionKoiServiceTest","getAuctionKoiDetailsById"
"","3","getAuctionHandledByStaff()","","Mon Nov 11 17:05:54 GMT 2024","passed","Mon Nov 11 17:05:54 GMT 2024","","com.swp391.koibe.controllers.AuctionControllerTest","com.swp391.koibe.controllers.AuctionControllerTest","getAuctionHandledByStaff"
"","24","getUserByEmail()","","Mon Nov 11 17:06:16 GMT 2024","passed","Mon Nov 11 17:06:16 GMT 2024","","com.swp391.koibe.services.user.UserServiceTest","com.swp391.koibe.services.user.UserServiceTest","getUserByEmail"
"","9","testCreateRole()","","Mon Nov 11 17:06:08 GMT 2024","passed","Mon Nov 11 17:06:08 GMT 2024","","com.swp391.koibe.services.role.RoleServiceTest","com.swp391.koibe.services.role.RoleServiceTest","testCreateRole"
"","10","blockOrEnable()","","Mon Nov 11 17:05:58 GMT 2024","passed","Mon Nov 11 17:05:58 GMT 2024","","com.swp391.koibe.controllers.UserControllerTest","com.swp391.koibe.controllers.UserControllerTest","blockOrEnable"
"","4","getBidderLatestBid()","","Mon Nov 11 17:06:12 GMT 2024","passed","Mon Nov 11 17:06:12 GMT 2024","","com.swp391.koibe.services.biddinghistory.BiddingHistoryServiceTest","com.swp391.koibe.services.biddinghistory.BiddingHistoryServiceTest","getBidderLatestBid"
"","3","delete()","","Mon Nov 11 17:06:21 GMT 2024","passed","Mon Nov 11 17:06:21 GMT 2024","","com.swp391.koibe.services.auction.AuctionServiceTest","com.swp391.koibe.services.auction.AuctionServiceTest","delete"
"","2","creatSealedAuction()","","Mon Nov 11 17:06:21 GMT 2024","passed","Mon Nov 11 17:06:21 GMT 2024","","com.swp391.koibe.services.auction.AuctionServiceTest","com.swp391.koibe.services.auction.AuctionServiceTest","creatSealedAuction"
"","3","getAllFeedbacks()","","Mon Nov 11 17:05:58 GMT 2024","passed","Mon Nov 11 17:05:58 GMT 2024","","com.swp391.koibe.controllers.FeedbackControllerTest","com.swp391.koibe.controllers.FeedbackControllerTest","getAllFeedbacks"
"","5","getAuctionKoisByAuctionId()","","Mon Nov 11 17:05:59 GMT 2024","passed","Mon Nov 11 17:05:59 GMT 2024","","com.swp391.koibe.controllers.AuctionKoiControllerTest","com.swp391.koibe.controllers.AuctionKoiControllerTest","getAuctionKoisByAuctionId"
"","4","getAllBiddingHistory()","","Mon Nov 11 17:05:54 GMT 2024","passed","Mon Nov 11 17:05:54 GMT 2024","","com.swp391.koibe.controllers.BiddingHistoryControllerTest","com.swp391.koibe.controllers.BiddingHistoryControllerTest","getAllBiddingHistory"
"","3","updateDescendAuctionKoiPrice()","","Mon Nov 11 17:06:24 GMT 2024","passed","Mon Nov 11 17:06:24 GMT 2024","","com.swp391.koibe.services.auctionkoi.AuctionKoiServiceTest","com.swp391.koibe.services.auctionkoi.AuctionKoiServiceTest","updateDescendAuctionKoiPrice"
"","5","createOrderDetail()","","Mon Nov 11 17:06:08 GMT 2024","passed","Mon Nov 11 17:06:08 GMT 2024","","com.swp391.koibe.services.orderdetail.OrderDetailServiceTest","com.swp391.koibe.services.orderdetail.OrderDetailServiceTest","createOrderDetail"
"","9","createBidHistories()","","Mon Nov 11 17:06:12 GMT 2024","passed","Mon Nov 11 17:06:12 GMT 2024","","com.swp391.koibe.services.biddinghistory.BiddingHistoryServiceTest","com.swp391.koibe.services.biddinghistory.BiddingHistoryServiceTest","createBidHistories"
"","9","deleteAuctionKoi()","","Mon Nov 11 17:05:59 GMT 2024","passed","Mon Nov 11 17:05:59 GMT 2024","","com.swp391.koibe.controllers.AuctionKoiControllerTest","com.swp391.koibe.controllers.AuctionKoiControllerTest","deleteAuctionKoi"
"","180","testGetAllRoles()","","Mon Nov 11 17:06:07 GMT 2024","passed","Mon Nov 11 17:06:08 GMT 2024","","com.swp391.koibe.services.role.RoleServiceTest","com.swp391.koibe.services.role.RoleServiceTest","testGetAllRoles"
"","6","findById()","","Mon Nov 11 17:06:18 GMT 2024","passed","Mon Nov 11 17:06:18 GMT 2024","","com.swp391.koibe.services.user.member.MemberServiceTest","com.swp391.koibe.services.user.member.MemberServiceTest","findById"
"","4","updateOrderDetail()","","Mon Nov 11 17:06:08 GMT 2024","passed","Mon Nov 11 17:06:08 GMT 2024","","com.swp391.koibe.services.orderdetail.OrderDetailServiceTest","com.swp391.koibe.services.orderdetail.OrderDetailServiceTest","updateOrderDetail"
"","7","sendAuctionClosedEmailToAllUser()","","Mon Nov 11 17:05:54 GMT 2024","passed","Mon Nov 11 17:05:54 GMT 2024","","com.swp391.koibe.controllers.AuctionMailControllerTest","com.swp391.koibe.controllers.AuctionMailControllerTest","sendAuctionClosedEmailToAllUser"
"","5","update()","","Mon Nov 11 17:06:21 GMT 2024","passed","Mon Nov 11 17:06:21 GMT 2024","","com.swp391.koibe.services.user.staff.StaffServiceTest","com.swp391.koibe.services.user.staff.StaffServiceTest","update"
"","2","updateOrder()","","Mon Nov 11 17:05:54 GMT 2024","passed","Mon Nov 11 17:05:54 GMT 2024","","com.swp391.koibe.controllers.OrderControllerTest","com.swp391.koibe.controllers.OrderControllerTest","updateOrder"
"","4","handlePaymentReturn()","","Mon Nov 11 17:06:08 GMT 2024","passed","Mon Nov 11 17:06:08 GMT 2024","","com.swp391.koibe.services.payment.PaymentServiceTest","com.swp391.koibe.services.payment.PaymentServiceTest","handlePaymentReturn"
"","5","existsById()","","Mon Nov 11 17:06:12 GMT 2024","passed","Mon Nov 11 17:06:12 GMT 2024","","com.swp391.koibe.services.biddinghistory.BiddingHistoryServiceTest","com.swp391.koibe.services.biddinghistory.BiddingHistoryServiceTest","existsById"
"","3","update()","","Mon Nov 11 17:06:21 GMT 2024","passed","Mon Nov 11 17:06:21 GMT 2024","","com.swp391.koibe.services.auction.AuctionServiceTest","com.swp391.koibe.services.auction.AuctionServiceTest","update"
"","4","getAuctionParticipantById()","","Mon Nov 11 17:06:02 GMT 2024","passed","Mon Nov 11 17:06:02 GMT 2024","","com.swp391.koibe.services.auctionparticipant.AuctionParticipantServiceTest","com.swp391.koibe.services.auctionparticipant.AuctionParticipantServiceTest","getAuctionParticipantById"
"","4","updateOrderDetail()","","Mon Nov 11 17:05:54 GMT 2024","passed","Mon Nov 11 17:05:54 GMT 2024","","com.swp391.koibe.controllers.OrderDetailControllerTest","com.swp391.koibe.controllers.OrderDetailControllerTest","updateOrderDetail"
"","4","isAuctionActive()","","Mon Nov 11 17:06:24 GMT 2024","passed","Mon Nov 11 17:06:24 GMT 2024","","com.swp391.koibe.utils.DateTimeUtilsTest","com.swp391.koibe.utils.DateTimeUtilsTest","isAuctionActive"
"","8","getAuctionByKeyword()","","Mon Nov 11 17:06:21 GMT 2024","passed","Mon Nov 11 17:06:21 GMT 2024","","com.swp391.koibe.services.auction.AuctionServiceTest","com.swp391.koibe.services.auction.AuctionServiceTest","getAuctionByKeyword"
"","3","getKoiByKeyword()","","Mon Nov 11 17:06:24 GMT 2024","passed","Mon Nov 11 17:06:24 GMT 2024","","com.swp391.koibe.services.auctionkoi.AuctionKoiServiceTest","com.swp391.koibe.services.auctionkoi.AuctionKoiServiceTest","getKoiByKeyword"
"","3","createOrder()","","Mon Nov 11 17:06:16 GMT 2024","passed","Mon Nov 11 17:06:16 GMT 2024","","com.swp391.koibe.services.order.OrderServiceTest","com.swp391.koibe.services.order.OrderServiceTest","createOrder"
"","2","convertToUserDTO()","","Mon Nov 11 17:06:26 GMT 2024","passed","Mon Nov 11 17:06:26 GMT 2024","","com.swp391.koibe.utils.DTOConverterTest","com.swp391.koibe.utils.DTOConverterTest","convertToUserDTO"
"","3","setOtpExpired()","","Mon Nov 11 17:06:24 GMT 2024","passed","Mon Nov 11 17:06:24 GMT 2024","","com.swp391.koibe.services.otp.OtpServiceTest","com.swp391.koibe.services.otp.OtpServiceTest","setOtpExpired"
"","3","getAuctionsByStatus()","","Mon Nov 11 17:05:54 GMT 2024","passed","Mon Nov 11 17:05:54 GMT 2024","","com.swp391.koibe.controllers.AuctionControllerTest","com.swp391.koibe.controllers.AuctionControllerTest","getAuctionsByStatus"
"","5","createCategory()","","Mon Nov 11 17:06:15 GMT 2024","passed","Mon Nov 11 17:06:15 GMT 2024","","com.swp391.koibe.services.category.CategoryServiceTest","com.swp391.koibe.services.category.CategoryServiceTest","createCategory"
"","3","updateAuctionKoi()","","Mon Nov 11 17:05:59 GMT 2024","passed","Mon Nov 11 17:05:59 GMT 2024","","com.swp391.koibe.controllers.AuctionKoiControllerTest","com.swp391.koibe.controllers.AuctionKoiControllerTest","updateAuctionKoi"
"","4","createOtp()","","Mon Nov 11 17:06:24 GMT 2024","passed","Mon Nov 11 17:06:24 GMT 2024","","com.swp391.koibe.services.otp.OtpServiceTest","com.swp391.koibe.services.otp.OtpServiceTest","createOtp"
"","4","deleteFeedback()","","Mon Nov 11 17:06:12 GMT 2024","passed","Mon Nov 11 17:06:12 GMT 2024","","com.swp391.koibe.services.feedback.FeedbackServiceTest","com.swp391.koibe.services.feedback.FeedbackServiceTest","deleteFeedback"
"","14","createAuctionKoi()","","Mon Nov 11 17:06:24 GMT 2024","passed","Mon Nov 11 17:06:24 GMT 2024","","com.swp391.koibe.services.auctionkoi.AuctionKoiServiceTest","com.swp391.koibe.services.auctionkoi.AuctionKoiServiceTest","createAuctionKoi"
"","3","createOrderForAuctionKoi()","","Mon Nov 11 17:06:16 GMT 2024","passed","Mon Nov 11 17:06:16 GMT 2024","","com.swp391.koibe.services.order.OrderServiceTest","com.swp391.koibe.services.order.OrderServiceTest","createOrderForAuctionKoi"
"","3","deleteToken()","","Mon Nov 11 17:06:02 GMT 2024","passed","Mon Nov 11 17:06:02 GMT 2024","","com.swp391.koibe.services.token.TokenServiceTest","com.swp391.koibe.services.token.TokenServiceTest","deleteToken"
"","4","sendEmailOtp()","","Mon Nov 11 17:06:21 GMT 2024","passed","Mon Nov 11 17:06:21 GMT 2024","","com.swp391.koibe.services.forgotpassword.ForgotPasswordServiceTest","com.swp391.koibe.services.forgotpassword.ForgotPasswordServiceTest","sendEmailOtp"
"","13","updateMember()","","Mon Nov 11 17:06:18 GMT 2024","passed","Mon Nov 11 17:06:18 GMT 2024","","com.swp391.koibe.services.user.member.MemberServiceTest","com.swp391.koibe.services.user.member.MemberServiceTest","updateMember"
"","7","getAllCategories()","","Mon Nov 11 17:05:53 GMT 2024","passed","Mon Nov 11 17:05:53 GMT 2024","","com.swp391.koibe.controllers.CategoryControllerTest","com.swp391.koibe.controllers.CategoryControllerTest","getAllCategories"
"","3","getAllAuctions()","","Mon Nov 11 17:06:21 GMT 2024","passed","Mon Nov 11 17:06:21 GMT 2024","","com.swp391.koibe.services.auction.AuctionServiceTest","com.swp391.koibe.services.auction.AuctionServiceTest","getAllAuctions"
"","2","findAuctionById()","","Mon Nov 11 17:06:21 GMT 2024","passed","Mon Nov 11 17:06:21 GMT 2024","","com.swp391.koibe.services.auction.AuctionServiceTest","com.swp391.koibe.services.auction.AuctionServiceTest","findAuctionById"
"","3","getOrder()","","Mon Nov 11 17:05:54 GMT 2024","passed","Mon Nov 11 17:05:54 GMT 2024","","com.swp391.koibe.controllers.OrderControllerTest","com.swp391.koibe.controllers.OrderControllerTest","getOrder"
"","2","getAllAuctions()","","Mon Nov 11 17:05:59 GMT 2024","passed","Mon Nov 11 17:05:59 GMT 2024","","com.swp391.koibe.controllers.AuctionKoiControllerTest","com.swp391.koibe.controllers.AuctionKoiControllerTest","getAllAuctions"
"","5","createBidHistory()","","Mon Nov 11 17:06:12 GMT 2024","passed","Mon Nov 11 17:06:12 GMT 2024","","com.swp391.koibe.services.biddinghistory.BiddingHistoryServiceTest","com.swp391.koibe.services.biddinghistory.BiddingHistoryServiceTest","createBidHistory"
"","2","getSortedOrder()","","Mon Nov 11 17:05:54 GMT 2024","passed","Mon Nov 11 17:05:54 GMT 2024","","com.swp391.koibe.controllers.OrderControllerTest","com.swp391.koibe.controllers.OrderControllerTest","getSortedOrder"
"","5","getAllKoiImages()","","Mon Nov 11 17:06:02 GMT 2024","passed","Mon Nov 11 17:06:02 GMT 2024","","com.swp391.koibe.services.koiimage.KoiImageServiceTest","com.swp391.koibe.services.koiimage.KoiImageServiceTest","getAllKoiImages"
"","5","getPaymentsByKeywordAndStatus()","","Mon Nov 11 17:06:08 GMT 2024","passed","Mon Nov 11 17:06:08 GMT 2024","","com.swp391.koibe.services.payment.PaymentServiceTest","com.swp391.koibe.services.payment.PaymentServiceTest","getPaymentsByKeywordAndStatus"
"","3","updateAuctionStatus()","","Mon Nov 11 17:06:21 GMT 2024","passed","Mon Nov 11 17:06:21 GMT 2024","","com.swp391.koibe.services.auction.AuctionServiceTest","com.swp391.koibe.services.auction.AuctionServiceTest","updateAuctionStatus"
"","2","deleteOrder()","","Mon Nov 11 17:05:54 GMT 2024","passed","Mon Nov 11 17:05:54 GMT 2024","","com.swp391.koibe.controllers.OrderControllerTest","com.swp391.koibe.controllers.OrderControllerTest","deleteOrder"
"","4","notifyUsersAboutUpcomingAuctions()","","Mon Nov 11 17:06:21 GMT 2024","passed","Mon Nov 11 17:06:21 GMT 2024","","com.swp391.koibe.services.auction.AuctionMailServiceTest","com.swp391.koibe.services.auction.AuctionMailServiceTest","notifyUsersAboutUpcomingAuctions"
"","9","getAllUserJoinAuction()","","Mon Nov 11 17:06:02 GMT 2024","passed","Mon Nov 11 17:06:02 GMT 2024","","com.swp391.koibe.services.auctionparticipant.AuctionParticipantServiceTest","com.swp391.koibe.services.auctionparticipant.AuctionParticipantServiceTest","getAllUserJoinAuction"
"","4","deleteKoi()","","Mon Nov 11 17:06:12 GMT 2024","passed","Mon Nov 11 17:06:12 GMT 2024","","com.swp391.koibe.services.koi.KoiServiceTest","com.swp391.koibe.services.koi.KoiServiceTest","deleteKoi"
"","29","delete()","","Mon Nov 11 17:06:15 GMT 2024","passed","Mon Nov 11 17:06:15 GMT 2024","","com.swp391.koibe.services.category.CategoryServiceTest","com.swp391.koibe.services.category.CategoryServiceTest","delete"
"","5","updateCategory()","","Mon Nov 11 17:05:53 GMT 2024","passed","Mon Nov 11 17:05:53 GMT 2024","","com.swp391.koibe.controllers.CategoryControllerTest","com.swp391.koibe.controllers.CategoryControllerTest","updateCategory"
"","4","placeBid()","","Mon Nov 11 17:06:12 GMT 2024","passed","Mon Nov 11 17:06:12 GMT 2024","","com.swp391.koibe.services.biddinghistory.BiddingHistoryServiceTest","com.swp391.koibe.services.biddinghistory.BiddingHistoryServiceTest","placeBid"
"","5","updatePaymentStatus()","","Mon Nov 11 17:06:08 GMT 2024","passed","Mon Nov 11 17:06:08 GMT 2024","","com.swp391.koibe.services.payment.PaymentServiceTest","com.swp391.koibe.services.payment.PaymentServiceTest","updatePaymentStatus"
"","4","updateKoiStatus()","","Mon Nov 11 17:05:54 GMT 2024","passed","Mon Nov 11 17:05:54 GMT 2024","","com.swp391.koibe.controllers.KoiControllerTest","com.swp391.koibe.controllers.KoiControllerTest","updateKoiStatus"
"","4","getAllBidHistories()","","Mon Nov 11 17:06:12 GMT 2024","passed","Mon Nov 11 17:06:12 GMT 2024","","com.swp391.koibe.services.biddinghistory.BiddingHistoryServiceTest","com.swp391.koibe.services.biddinghistory.BiddingHistoryServiceTest","getAllBidHistories"
"","5","generateFakeKoiImages()","","Mon Nov 11 17:05:54 GMT 2024","passed","Mon Nov 11 17:05:54 GMT 2024","","com.swp391.koibe.controllers.KoiImageControllerTest","com.swp391.koibe.controllers.KoiImageControllerTest","generateFakeKoiImages"
"","3","updateBidHistory()","","Mon Nov 11 17:06:12 GMT 2024","passed","Mon Nov 11 17:06:12 GMT 2024","","com.swp391.koibe.services.biddinghistory.BiddingHistoryServiceTest","com.swp391.koibe.services.biddinghistory.BiddingHistoryServiceTest","updateBidHistory"
"","5","getPaymentsByUserIdAndStatus()","","Mon Nov 11 17:06:08 GMT 2024","passed","Mon Nov 11 17:06:08 GMT 2024","","com.swp391.koibe.services.payment.PaymentServiceTest","com.swp391.koibe.services.payment.PaymentServiceTest","getPaymentsByUserIdAndStatus"
"","24","testUpdateRole_Success()","","Mon Nov 11 17:05:58 GMT 2024","passed","Mon Nov 11 17:05:58 GMT 2024","","com.swp391.koibe.controllers.RoleControllerTest","com.swp391.koibe.controllers.RoleControllerTest","testUpdateRole_Success"
